{
  "test_set_mse": 1.0012750283582137,
  "test_set_ari": 0.9972022704573698,
  "test_set_ari_bkg": 0.9949264361471926,
  "mses": [
    0.18448635935783386,
    0.21827852725982666,
    0.24465367197990417,
    0.12442256510257721,
    0.29535067081451416,
    0.20335257053375244,
    0.2907629609107971,
    0.17489078640937805,
    0.11959309875965118,
    0.13088594377040863,
    0.3447105884552002,
    0.24926142394542694,
    0.2796937823295593,
    0.18138135969638824,
    0.18580341339111328,
    0.22490385174751282,
    0.1913369596004486,
    0.21694520115852356,
    0.37002962827682495,
    0.22031398117542267,
    0.19249382615089417,
    0.09431226551532745,
    0.1069418266415596,
    0.2791902422904968,
    0.2892514169216156,
    0.24581515789031982,
    0.21205833554267883,
    0.38084062933921814,
    0.14318692684173584,
    0.17753492295742035,
    0.1430356502532959,
    0.2652420401573181,
    0.14109596610069275,
    0.2629627287387848,
    0.07117746025323868,
    0.2201825976371765,
    0.2789367437362671,
    0.19190764427185059,
    0.25744184851646423,
    0.1644081026315689,
    0.12892650067806244,
    0.19631877541542053,
    0.37465402483940125,
    0.3877541422843933,
    0.23540648818016052,
    0.1820797622203827,
    0.20375186204910278,
    0.2748640775680542,
    0.2169812023639679,
    0.24148543179035187,
    0.22333666682243347,
    0.25374504923820496,
    0.14654943346977234,
    0.24298736453056335,
    0.2227536141872406,
    0.22648191452026367,
    0.14136534929275513,
    0.1676618754863739,
    0.13073162734508514,
    0.19165679812431335,
    0.06565992534160614,
    0.22388975322246552,
    0.21009525656700134,
    0.16033834218978882,
    0.22722186148166656,
    0.21482278406620026,
    0.2038356512784958,
    0.17239926755428314,
    0.15784139931201935,
    0.20455794036388397,
    0.2328375279903412,
    0.19774484634399414,
    0.1556885540485382,
    0.23509840667247772,
    0.1955612599849701,
    0.13070785999298096,
    0.21607136726379395,
    0.16267962753772736,
    0.3170722723007202,
    0.13614019751548767,
    0.24314497411251068,
    0.24879343807697296,
    0.1505405604839325,
    0.3107173442840576,
    0.09452877193689346,
    0.33123064041137695,
    0.394468754529953,
    0.214498370885849,
    0.184562548995018,
    0.20731455087661743,
    0.19606724381446838,
    0.25362628698349,
    0.2873181700706482,
    0.18436002731323242,
    0.2657555341720581,
    0.18009930849075317,
    0.2683635354042053,
    0.1722531020641327,
    0.165435329079628,
    0.29118168354034424,
    0.22846536338329315,
    0.2791953384876251,
    0.2959245443344116,
    0.1805979311466217,
    0.22046011686325073,
    10.923808097839355,
    0.23382708430290222,
    0.14955100417137146,
    0.17830200493335724,
    0.3567579686641693,
    0.26363950967788696,
    0.17947319149971008,
    0.33950895071029663,
    0.2771490216255188,
    0.2555118799209595,
    0.16653360426425934,
    0.11736873537302017,
    0.21845129132270813,
    0.2362286001443863,
    0.15180185437202454,
    0.1819697767496109,
    0.2735723853111267,
    0.22219175100326538,
    0.2709980010986328,
    0.28441232442855835,
    0.20866088569164276,
    0.21444359421730042,
    0.29925790429115295,
    0.3998118042945862,
    0.2492097169160843,
    0.3695305585861206,
    0.27207857370376587,
    0.29201003909111023,
    0.38252943754196167,
    0.23611697554588318,
    0.1402006447315216,
    0.23100347816944122,
    0.1946307122707367,
    21.865158081054688,
    0.3509327173233032,
    0.2142169326543808,
    0.11460940539836884,
    0.29126226902008057,
    0.16714701056480408,
    0.2205231785774231,
    0.16926133632659912,
    0.18731719255447388,
    0.24034610390663147,
    0.1723025143146515,
    0.22998526692390442,
    0.1071094423532486,
    0.14856666326522827,
    43.439292907714844,
    0.18227717280387878,
    0.24836668372154236,
    0.32018670439720154,
    0.2526136636734009,
    0.1847030222415924,
    0.2837193012237549,
    0.20700418949127197,
    0.18806758522987366,
    0.25791704654693604,
    0.2681155800819397,
    0.1922358125448227,
    0.2537738084793091,
    0.18221598863601685,
    0.308795690536499,
    0.3551567494869232,
    0.17317351698875427,
    0.2592387795448303,
    43.44636535644531,
    0.1980280876159668,
    0.35910093784332275,
    0.20758651196956635,
    0.31636929512023926,
    0.06543537974357605,
    0.2808886468410492,
    0.18080322444438934,
    0.19206255674362183,
    0.21944257616996765,
    0.29523468017578125,
    0.22754397988319397,
    0.10280543565750122,
    0.21501561999320984,
    0.18500858545303345,
    0.1298956274986267,
    0.29332396388053894,
    0.16522401571273804,
    0.14486196637153625,
    0.11354580521583557,
    0.25170427560806274,
    0.22443071007728577,
    0.2807011306285858,
    0.1124231219291687,
    0.3420369625091553,
    0.25589096546173096,
    0.2430940568447113,
    0.15799690783023834,
    0.30457594990730286,
    0.39008545875549316,
    0.386063814163208,
    0.1462140828371048,
    0.2274550497531891,
    0.1534404456615448,
    0.1542281210422516,
    0.21650131046772003,
    0.22785703837871552,
    0.17879174649715424,
    0.25086599588394165,
    0.2416578084230423,
    0.22403588891029358,
    0.16457796096801758,
    0.2463494837284088,
    0.22608807682991028,
    0.28115367889404297,
    0.23064301908016205,
    0.21452170610427856,
    0.1487627625465393,
    0.20662331581115723,
    0.163933664560318,
    26.566303253173828,
    0.23232021927833557,
    0.26217806339263916,
    0.08723925799131393,
    0.2240321934223175,
    0.12743470072746277,
    0.20444373786449432,
    0.22030839323997498,
    0.2470407336950302,
    0.1909775733947754,
    0.1624296009540558,
    0.17725980281829834,
    0.24486854672431946,
    0.26386570930480957,
    0.2195538878440857,
    0.15182191133499146,
    0.20392566919326782,
    0.21906135976314545,
    0.173405259847641,
    0.13861803710460663,
    0.17019176483154297,
    0.25190508365631104,
    0.2304801493883133,
    0.20247338712215424,
    0.1298224925994873,
    0.16368639469146729,
    21.916667938232422,
    0.2630031108856201,
    0.312063992023468,
    0.3148680627346039,
    0.32632941007614136,
    0.28450047969818115,
    0.13220733404159546,
    0.23845916986465454,
    0.1553141176700592,
    0.2117679864168167,
    0.2520503103733063,
    0.37874311208724976,
    0.24096553027629852,
    0.15207305550575256,
    0.16430068016052246,
    0.20172232389450073,
    0.20129342377185822,
    0.26213985681533813,
    0.3593759834766388,
    0.18479280173778534,
    0.19571343064308167,
    43.58002471923828,
    0.291725218296051,
    0.16175076365470886,
    0.19726303219795227,
    0.17611989378929138,
    0.35570859909057617,
    0.15055501461029053,
    0.23966553807258606,
    0.17533424496650696,
    0.12188507616519928,
    39.386383056640625,
    0.20439830422401428,
    0.28558701276779175,
    0.14940908551216125,
    0.21687281131744385,
    0.18556463718414307,
    0.2980906367301941,
    0.24898099899291992,
    0.34968119859695435,
    0.14384201169013977,
    0.20175914466381073,
    0.22797617316246033,
    0.23293809592723846,
    0.3906876742839813,
    0.1702921837568283,
    0.23555755615234375,
    0.3111613094806671,
    0.26832064986228943,
    0.32038813829421997,
    0.23047351837158203,
    0.18742060661315918,
    0.19407615065574646,
    0.3263949751853943,
    0.2084711343050003,
    0.3049160838127136,
    0.28481703996658325,
    0.2281065732240677,
    0.1360664814710617,
    0.232757106423378,
    0.18944697082042694,
    0.32806774973869324,
    0.23398756980895996,
    0.2841964066028595,
    0.29482731223106384,
    0.16888906061649323,
    0.22128039598464966,
    0.232492595911026,
    0.09772726893424988,
    0.2803334593772888,
    0.1087716817855835,
    0.1338064968585968,
    0.263672411441803,
    0.1199743002653122
  ],